,tick,seconds,clockTime,attackerSteamID,attackerName,attackerTeam,attackerSide,attackerX,attackerY,attackerZ,attackerViewX,attackerViewY,victimSteamID,victimName,victimTeam,victimSide,victimX,victimY,victimZ,victimViewX,victimViewY,assisterSteamID,assisterName,assisterTeam,assisterSide,isSuicide,isTeamkill,isWallbang,penetratedObjects,isFirstKill,isHeadshot,victimBlinded,attackerBlinded,flashThrowerSteamID,flashThrowerName,flashThrowerTeam,flashThrowerSide,noScope,thruSmoke,distance,isTrade,playerTradedName,playerTradedTeam,playerTradedSteamID,weapon,weaponClass,roundNum,matchID,mapName
0,39106,16.1171875,01:39,76561198016432560,mantuu,OGEsports,CT,-294.1557312011719,626.77783203125,1.0166358947753906,319.5758056640625,0.5987548828125,76561198146207066,Boombl4,Natus Vincere,T,66.37433624267578,308.03125,0.4415321350097656,128.1170654296875,1.6534423828125,,,,,False,False,False,0,True,True,True,False,76561198013243328,Aleksib,OGEsports,CT,False,False,481.2293048350279,False,,,,USP-S,Pistols,1,OG-NaVi-BLAST2020,de_dust2
1,39549,19.578125,01:36,76561198037812448,ISSAA,OGEsports,CT,-1845.3988037109375,2719.539306640625,32.390869140625,264.2047119140625,0.0604248046875,76561198034202275,s1mple,Natus Vincere,T,-1977.319091796875,1273.65966796875,30.387605667114258,86.7974853515625,0.472412109375,,,,,False,False,False,0,False,True,False,False,,,,,False,False,1451.886670852492,False,,,,USP-S,Pistols,1,OG-NaVi-BLAST2020,de_dust2
2,39632,20.2265625,01:35,76561198016432560,mantuu,OGEsports,CT,-171.5087432861328,761.1831665039062,2.132068395614624,118.49853515625,8.173828125,76561198044045107,electronic,Natus Vincere,T,-559.5462036132812,1507.7708740234375,-110.72203063964844,299.190673828125,352.694091796875,,,,,False,False,False,0,False,True,False,False,,,,,False,False,848.9418845277181,False,,,,USP-S,Pistols,1,OG-NaVi-BLAST2020,de_dust2
3,39696,20.7265625,01:35,76561198116523280,flamie,Natus Vincere,T,-604.3326416015625,1334.03125,-108.25413513183594,41.3470458984375,3.0926513671875,76561198013243326,Aleksib,OGEsports,CT,-360.28582763671875,1564.466064453125,-126.48118591308594,223.5552978515625,358.2696533203125,,,,,False,False,False,0,False,True,False,False,,,,,False,False,336.1417506032529,False,,,,Glock-18,Pistols,1,OG-NaVi-BLAST2020,de_dust2
4,40045,23.453125,01:32,76561198016432560,mantuu,OGEsports,CT,-149.03125,1001.2312622070312,1.4899253845214844,133.4674072265625,10.162353515625,76561198116523276,flamie,Natus Vincere,T,-588.3668823242188,1487.9278564453125,-110.94786071777344,305.892333984375,351.2713623046875,,,,,False,False,False,0,False,True,False,False,,,,,False,False,665.2305077313041,True,Aleksib,OGEsports,7.656119801324333e+16,USP-S,Pistols,1,OG-NaVi-BLAST2020,de_dust2
5,42787,44.875,01:11,76561198121220480,Perfecto,Natus Vincere,T,-1892.3128662109375,2378.096435546875,7.812355041503906,63.56689453125,355.6988525390625,76561198037812456,ISSAA,OGEsports,CT,-1712.3782958984375,2726.55078125,66.02273559570312,243.4844970703125,12.689208984375,,,,,False,False,False,0,False,False,False,False,,,,,False,False,396.46605029586283,False,,,,P250,Pistols,1,OG-NaVi-BLAST2020,de_dust2
6,43177,47.921875,01:08,76561198016432560,mantuu,OGEsports,CT,-1443.8145751953125,2268.504638671875,0.03125,135.2801513671875,350.364990234375,76561198121220486,Perfecto,Natus Vincere,T,-1762.17919921875,2622.097900390625,84.02922058105469,33.75,25.1531982421875,76561198037812448,ISSAA,OGEsports,CT,False,False,False,0,False,False,False,False,,,,,False,False,483.1561731202706,True,ISSAA,OGEsports,7.656119803781245e+16,USP-S,Pistols,1,OG-NaVi-BLAST2020,de_dust2
7,54998,67.3515625,00:48,76561198146207072,Boombl4,Natus Vincere,T,-1918.0179443359375,1844.312744140625,16.124279022216797,351.199951171875,312.8521728515625,76561197960710573,NBK-,OGEsports,CT,-1823.783447265625,1849.7137451171875,132.03125,183.2904052734375,60.205078125,76561198121220480,Perfecto,Natus Vincere,T,False,False,False,0,True,False,False,False,,,,,False,False,149.4782163757925,False,,,,Tec-9,Pistols,2,OG-NaVi-BLAST2020,de_dust2
8,55339,70.015625,00:45,76561198146207072,Boombl4,Natus Vincere,T,-1588.9959716796875,1992.3466796875,-2.511343002319336,111.2640380859375,357.769775390625,76561198037812456,ISSAA,OGEsports,CT,-1780.1463623046875,2477.46533203125,30.592708587646484,297.70751953125,4.98779296875,,,,,False,False,False,0,False,True,True,False,76561198121220480,Perfecto,Natus Vincere,T,False,False,522.4695751137834,False,,,,Tec-9,Pistols,2,OG-NaVi-BLAST2020,de_dust2
9,55431,70.734375,00:45,76561198013243328,Aleksib,OGEsports,CT,-409.076171875,1976.5443115234375,-126.72498321533203,104.326171875,1.3128662109375,76561198116523276,flamie,Natus Vincere,T,-532.3328857421875,2398.382080078125,-97.1252670288086,286.7431640625,5.1031494140625,,,,,False,False,False,0,False,True,False,False,,,,,False,False,440.47186481188396,False,,,,MP9,SMG,2,OG-NaVi-BLAST2020,de_dust2
10,55554,71.6953125,00:44,76561198044045104,electronic,Natus Vincere,T,-941.1259765625,2547.166015625,-19.790891647338867,307.7874755859375,9.920654296875,76561198013243326,Aleksib,OGEsports,CT,-479.4072265625,1890.2633056640625,-123.73499298095703,123.0303955078125,359.9395751953125,76561198116523280,flamie,Natus Vincere,T,False,False,False,0,False,False,False,False,,,,,False,False,809.635566571553,True,flamie,Natus Vincere,7.656119811652328e+16,Tec-9,Pistols,2,OG-NaVi-BLAST2020,de_dust2
11,57428,5.4609375,00:35,76561198034202272,s1mple,Natus Vincere,T,-1832.2774658203125,-537.7008666992188,114.95743560791016,343.3721923828125,359.93408203125,76561198114929868,valde,OGEsports,CT,-750.6729736328125,-885.254638671875,118.69277954101562,162.1197509765625,0.87890625,,,,,False,False,False,0,False,True,False,False,,,,,False,False,1136.0791586535242,False,,,,Desert Eagle,Pistols,2,OG-NaVi-BLAST2020,de_dust2
12,58722,15.5703125,00:25,76561198016432560,mantuu,OGEsports,CT,717.3812866210938,349.02777099609375,3.6673789024353027,235.6842041015625,6.4215087890625,76561198034202275,s1mple,Natus Vincere,T,-289.40594482421875,-962.4021606445312,78.11013793945312,52.635498046875,2.7191162109375,,,,,False,False,True,1,False,False,False,False,,,,,False,False,1654.9956856068522,False,,,,M4A4,Rifle,2,OG-NaVi-BLAST2020,de_dust2
13,59967,25.296875,00:15,76561198146207072,Boombl4,Natus Vincere,T,-355.17388916015625,789.0884399414062,-2.0616328716278076,311.385498046875,0.604248046875,76561198016432560,mantuu,OGEsports,CT,238.76248168945312,117.94953918457031,5.881500244140625,131.033935546875,1.845703125,76561198034202272,s1mple,Natus Vincere,T,False,False,False,0,False,False,False,False,,,,,False,False,896.242673660875,False,,,,FAMAS,Rifle,2,OG-NaVi-BLAST2020,de_dust2
14,64481,10.2578125,01:45,76561198146207072,Boombl4,Natus Vincere,T,594.4692993164062,1009.0763549804688,1.5468330383300781,342.6361083984375,9.1845703125,76561198013243326,Aleksib,OGEsports,CT,1385.02392578125,780.2072143554688,-14.277098655700684,162.410888671875,0.4779052734375,,,,,False,False,False,0,True,False,True,False,76561198121220480,Perfecto,Natus Vincere,T,False,False,823.1695437573308,False,,,,AK-47,Rifle,3,OG-NaVi-BLAST2020,de_dust2
15,70948,60.78125,00:55,76561198034202272,s1mple,Natus Vincere,T,1300.03125,2356.85498046875,77.01615142822266,166.300048828125,6.9873046875,76561198037812456,ISSAA,OGEsports,CT,513.1611328125,2533.946533203125,96.03163146972656,356.484375,0.9832763671875,,,,,False,False,False,0,False,False,False,False,,,,,False,False,806.7760456618371,False,,,,M4A4,Rifle,3,OG-NaVi-BLAST2020,de_dust2
16,71199,62.7421875,00:53,76561198034202272,s1mple,Natus Vincere,T,1135.11474609375,2297.9453125,127.03125,198.39111328125,24.32373046875,76561198114929868,valde,OGEsports,CT,644.4930419921875,2141.977783203125,-85.5880355834961,26.9659423828125,343.8555908203125,,,,,False,False,False,0,False,False,False,False,,,,,False,False,556.9941537687168,False,,,,M4A4,Rifle,3,OG-NaVi-BLAST2020,de_dust2
17,71427,64.5234375,00:51,76561198016432560,mantuu,OGEsports,CT,977.2540893554688,2445.963623046875,96.8931884765625,288.5504150390625,352.1502685546875,76561198034202275,s1mple,Natus Vincere,T,1042.301513671875,2289.20654296875,127.03125,180.37353515625,20.2423095703125,,,,,False,False,False,0,False,True,False,False,,,,,False,False,172.3724233083958,True,valde,OGEsports,7.656119811492987e+16,Desert Eagle,Pistols,3,OG-NaVi-BLAST2020,de_dust2
18,71595,65.8359375,00:50,76561198146207072,Boombl4,Natus Vincere,T,1512.813232421875,2679.52490234375,92.90132141113281,199.4293212890625,359.2034912109375,76561198016432560,mantuu,OGEsports,CT,987.6553955078125,2496.86279296875,96.4583740234375,18.314208984375,1.9830322265625,,,,,False,False,False,0,False,True,True,False,76561198116523280,flamie,Natus Vincere,T,False,False,556.0295428274187,True,s1mple,Natus Vincere,7.656119803420227e+16,AK-47,Rifle,3,OG-NaVi-BLAST2020,de_dust2
19,72870,0.3046875,00:40,76561198121220480,Perfecto,Natus Vincere,T,-560.4143676757812,2036.742431640625,-117.82202911376953,17.7154541015625,4.097900390625,76561197960710573,NBK-,OGEsports,CT,468.402587890625,2383.4833984375,-118.9911117553711,199.2095947265625,1.571044921875,,,,,False,False,False,0,False,False,False,False,,,,,False,False,1085.677204730017,False,,,,FAMAS,Rifle,3,OG-NaVi-BLAST2020,de_dust2
20,77305,9.640625,01:46,76561198044045104,electronic,Natus Vincere,T,663.3836669921875,863.8593139648438,0.3349875509738922,358.79150390625,7.1136474609375,76561197960710573,NBK-,OGEsports,CT,1444.4552001953125,836.07373046875,-12.095795631408691,174.034423828125,2.4169921875,,,,,False,False,False,0,True,False,True,False,76561198116523280,flamie,Natus Vincere,T,False,False,781.6644439918105,False,,,,M4A4,Rifle,4,OG-NaVi-BLAST2020,de_dust2
21,79931,30.15625,01:25,76561198034202272,s1mple,Natus Vincere,T,-376.19683837890625,1960.2552490234375,-126.65914154052734,31.080322265625,358.5772705078125,76561198013243326,Aleksib,OGEsports,CT,364.4344482421875,2407.341064453125,-120.00514221191406,211.2890625,0.3515625,,,,,False,False,False,0,False,True,False,False,,,,,False,False,865.1385465851758,False,,,,MAC-10,SMG,4,OG-NaVi-BLAST2020,de_dust2
22,80032,30.9453125,01:25,76561198034202272,s1mple,Natus Vincere,T,-367.92767333984375,1947.3365478515625,-126.22232055664062,41.6162109375,355.4461669921875,76561198037812456,ISSAA,OGEsports,CT,101.43657684326172,2347.6767578125,-66.56484985351562,221.077880859375,5.8502197265625,76561198121220480,Perfecto,Natus Vincere,T,False,False,False,0,False,True,False,False,,,,,False,False,619.785524897291,False,,,,MAC-10,SMG,4,OG-NaVi-BLAST2020,de_dust2
23,80044,31.0390625,01:24,76561198121220480,Perfecto,Natus Vincere,T,-701.457763671875,2198.5595703125,-118.94365692138672,357.3687744140625,357.1490478515625,76561198114929868,valde,OGEsports,CT,1743.9129638671875,2072.439208984375,0.03125,177.418212890625,2.581787109375,,,,,False,False,False,0,False,False,False,False,,,,,False,False,2451.5096102449634,False,,,,FAMAS,Rifle,4,OG-NaVi-BLAST2020,de_dust2
24,82699,8.109375,00:32,76561198016432560,mantuu,OGEsports,CT,1091.38330078125,2443.510009765625,96.17657470703125,210.0970458984375,19.4952392578125,76561198121220486,Perfecto,Natus Vincere,T,594.804443359375,2141.96533203125,-98.00709533691406,31.13525390625,341.7681884765625,,,,,False,False,False,0,False,False,False,False,,,,,False,False,612.5577948406817,False,,,,P250,Pistols,4,OG-NaVi-BLAST2020,de_dust2
25,84021,18.4375,00:22,76561198146207072,Boombl4,Natus Vincere,T,326.5740051269531,1694.1640625,53.05033874511719,73.6029052734375,358.5662841796875,76561198016432560,mantuu,OGEsports,CT,574.5311279296875,2512.67431640625,96.16340637207031,252.1856689453125,2.2137451171875,,,,,False,False,False,0,False,False,False,False,,,,,False,False,856.3296719713094,False,,,,AK-47,Rifle,4,OG-NaVi-BLAST2020,de_dust2
26,88285,8.3046875,01:47,76561198037812448,ISSAA,OGEsports,CT,-415.947265625,1627.2728271484375,-126.26683044433594,275.5865478515625,354.08935546875,76561198034202275,s1mple,Natus Vincere,T,-268.5945129394531,324.79052734375,-0.4272732734680176,97.09716796875,4.7406005859375,,,,,False,False,False,0,True,True,True,False,76561198016432560,mantuu,OGEsports,CT,False,False,1316.8175914596054,False,,,,M4A4,Rifle,5,OG-NaVi-BLAST2020,de_dust2
27,91550,33.8125,01:22,76561198013243328,Aleksib,OGEsports,CT,-222.54579162597656,2205.11376953125,-53.96875,246.060791015625,9.173583984375,76561198146207066,Boombl4,Natus Vincere,T,-475.4471130371094,1665.29541015625,-123.16961669921875,65.8575439453125,358.5333251953125,,,,,False,False,False,0,False,False,False,False,,,,,False,False,600.1264028867058,False,,,,FAMAS,Rifle,5,OG-NaVi-BLAST2020,de_dust2
28,92150,38.5,01:17,76561198116523280,flamie,Natus Vincere,T,-586.239990234375,1871.1229248046875,-118.94329833984375,24.312744140625,0.933837890625,76561198013243326,Aleksib,OGEsports,CT,155.11102294921875,2204.750244140625,-128.4542694091797,204.9114990234375,0.3131103515625,,,,,False,False,False,0,False,True,False,False,,,,,False,False,813.0184324640533,True,Boombl4,Natus Vincere,7.656119814620707e+16,AWP,Rifle,5,OG-NaVi-BLAST2020,de_dust2
29,95375,63.6953125,00:52,76561198121220480,Perfecto,Natus Vincere,T,239.39395141601562,209.76412963867188,9.03125,4.822998046875,2.8509521484375,76561198114929868,valde,OGEsports,CT,602.0712890625,220.73924255371094,0.03125,184.2352294921875,359.3408203125,,,,,False,False,False,0,False,True,False,False,,,,,False,False,362.9549618697062,False,,,,FAMAS,Rifle,5,OG-NaVi-BLAST2020,de_dust2
30,98909,91.3046875,00:24,76561198016432560,mantuu,OGEsports,CT,1072.8468017578125,3057.827880859375,131.16989135742188,260.3485107421875,9.0966796875,76561198044045107,electronic,Natus Vincere,T,985.6533203125,2642.368408203125,95.58613586425781,80.255126953125,357.1380615234375,,,,,False,False,False,0,False,False,False,False,,,,,False,False,425.9993900011603,False,,,,M4A4,Rifle,5,OG-NaVi-BLAST2020,de_dust2
31,98946,91.59375,00:24,76561198121220480,Perfecto,Natus Vincere,T,539.0625,352.26666259765625,10.250728607177734,4.317626953125,4.658203125,76561198037812456,ISSAA,OGEsports,CT,652.7117309570312,356.7457580566406,0.3295973539352417,89.1265869140625,359.6923828125,,,,,False,False,False,0,False,True,False,False,,,,,False,False,114.16934281408206,False,,,,M4A4,Rifle,5,OG-NaVi-BLAST2020,de_dust2
32,99488,95.828125,00:20,76561197960710576,NBK-,OGEsports,CT,1278.7451171875,2283.994140625,13.939945220947266,195.325927734375,355.396728515625,76561198116523276,flamie,Natus Vincere,T,328.2604675292969,2035.64404296875,96.44596862792969,46.417236328125,359.6044921875,,,,,False,False,False,0,False,True,False,False,,,,,False,False,985.8529728819503,False,,,,AUG,Rifle,5,OG-NaVi-BLAST2020,de_dust2
33,99702,97.5,00:18,76561198121220480,Perfecto,Natus Vincere,T,1291.222900390625,1087.390869140625,-2.6560592651367188,85.84716796875,5.7293701171875,76561197960710573,NBK-,OGEsports,CT,1369.7060546875,2310.473388671875,10.677525520324707,266.59423828125,6.448974609375,,,,,False,False,False,0,False,False,False,False,,,,,False,False,1225.6705265178439,True,flamie,Natus Vincere,7.656119811652328e+16,M4A4,Rifle,5,OG-NaVi-BLAST2020,de_dust2
34,99779,98.1015625,00:17,76561198016432560,mantuu,OGEsports,CT,1246.025634765625,3006.24853515625,128.3704376220703,270.9228515625,4.5263671875,76561198121220486,Perfecto,Natus Vincere,T,1268.123291015625,1088.880859375,-0.49115753173828125,91.16455078125,359.5001220703125,76561197960710576,NBK-,OGEsports,CT,False,False,True,2,False,False,False,False,,,,,False,False,1921.8200803530283,True,NBK-,OGEsports,7.656119796071058e+16,M4A4,Rifle,5,OG-NaVi-BLAST2020,de_dust2
35,112024,70.65625,00:45,76561198013243328,Aleksib,OGEsports,CT,-1139.8726806640625,2229.250732421875,0.15966796875,347.2943115234375,13.9801025390625,76561198146207066,Boombl4,Natus Vincere,T,-563.9144897460938,2096.632080078125,-118.60163879394531,168.101806640625,351.3922119140625,,,,,False,False,False,0,True,False,False,False,,,,,False,False,602.8430912094414,False,,,,FAMAS,Rifle,6,OG-NaVi-BLAST2020,de_dust2
36,115261,95.9453125,00:20,76561198114929872,valde,OGEsports,CT,732.9116821289062,986.8038330078125,0.11919593065977097,243.841552734375,3.9990234375,76561198116523276,flamie,Natus Vincere,T,581.9932250976562,691.9006958007812,1.0022907257080078,61.5618896484375,5.767822265625,,,,,False,False,False,0,False,False,False,False,,,,,False,False,331.2778605093606,False,,,,MP9,SMG,6,OG-NaVi-BLAST2020,de_dust2
37,115752,99.78125,00:16,76561198016432560,mantuu,OGEsports,CT,1320.432373046875,2607.96484375,88.69601440429688,190.65673828125,0.274658203125,76561198121220486,Perfecto,Natus Vincere,T,302.00433349609375,2417.48583984375,97.57159423828125,10.7171630859375,1.4501953125,,,,,False,False,False,0,False,True,False,False,,,,,False,False,1036.1258121433682,False,,,,M4A4,Rifle,6,OG-NaVi-BLAST2020,de_dust2
38,115986,101.609375,00:14,76561198044045104,electronic,Natus Vincere,T,-328.57037353515625,1746.7427978515625,-117.62462615966797,117.696533203125,0.5712890625,76561198013243326,Aleksib,OGEsports,CT,-541.5895385742188,2190.122802734375,-122.3785171508789,288.2537841796875,359.791259765625,76561198146207072,Boombl4,Natus Vincere,T,False,False,False,0,False,True,False,False,,,,,False,False,491.9203115174027,False,,,,AK-47,Rifle,6,OG-NaVi-BLAST2020,de_dust2
39,116592,106.34375,00:09,76561197960710576,NBK-,OGEsports,CT,1588.493896484375,2116.385986328125,-7.56870174407959,181.0931396484375,5.3009033203125,76561198044045107,electronic,Natus Vincere,T,-534.6065063476562,2064.875,-119.93316650390625,1.6864013671875,356.8963623046875,,,,,False,False,False,0,False,False,False,False,,,,,False,False,2126.6956705553316,True,Aleksib,OGEsports,7.656119801324333e+16,AUG,Rifle,6,OG-NaVi-BLAST2020,de_dust2
40,123423,19.7109375,01:36,76561198013243328,Aleksib,OGEsports,CT,1145.0146484375,678.4973754882812,7.48244571685791,154.6929931640625,7.2509765625,76561198146207066,Boombl4,Natus Vincere,T,685.206787109375,900.1728515625,-0.032306671142578125,335.1544189453125,2.4224853515625,,,,,False,False,False,0,True,False,False,False,,,,,False,False,510.50931189874365,False,,,,M4A4,Rifle,7,OG-NaVi-BLAST2020,de_dust2
41,123573,20.8828125,01:35,76561198116523280,flamie,Natus Vincere,T,613.8653564453125,891.441650390625,1.0106887817382812,342.79541015625,0.24169921875,76561198013243326,Aleksib,OGEsports,CT,1162.4310302734375,727.4834594726562,7.803058624267578,163.970947265625,2.0269775390625,76561198146207072,Boombl4,Natus Vincere,T,False,False,False,0,False,True,False,False,,,,,False,False,572.5842498354941,True,Boombl4,Natus Vincere,7.656119814620707e+16,AK-47,Rifle,7,OG-NaVi-BLAST2020,de_dust2
42,127461,51.2578125,01:04,76561198034202272,s1mple,Natus Vincere,T,1643.022216796875,1837.3143310546875,1.03125,143.1793212890625,0.54931640625,76561198114929868,valde,OGEsports,CT,940.1386108398438,2379.993408203125,2.318033218383789,323.4814453125,0.5712890625,76561198116523280,flamie,Natus Vincere,T,False,False,False,0,False,False,False,False,,,,,False,False,888.0020270860254,False,,,,AWP,Rifle,7,OG-NaVi-BLAST2020,de_dust2
43,127562,52.046875,01:03,76561198016432560,mantuu,OGEsports,CT,1109.454345703125,2768.607177734375,114.12254333496094,304.4805908203125,9.0252685546875,76561198121220486,Perfecto,Natus Vincere,T,1735.320556640625,1841.8580322265625,1.04638671875,126.463623046875,355.10009765625,76561198116523280,flamie,Natus Vincere,T,False,False,False,0,False,False,False,False,,,,,False,False,1123.9923086426427,False,,,,M4A4,Rifle,7,OG-NaVi-BLAST2020,de_dust2
44,127659,52.8046875,01:03,76561198116523280,flamie,Natus Vincere,T,1367.5963134765625,2477.720703125,45.28245544433594,122.750244140625,350.0079345703125,76561198016432560,mantuu,OGEsports,CT,1160.547119140625,2800.240478515625,127.03125,301.981201171875,15.40283203125,76561198044045104,electronic,Natus Vincere,T,False,False,False,0,False,True,False,False,,,,,False,False,391.8816655630679,True,Perfecto,Natus Vincere,7.656119812122048e+16,AK-47,Rifle,7,OG-NaVi-BLAST2020,de_dust2
45,128183,56.8984375,00:59,76561198034202272,s1mple,Natus Vincere,T,1787.9031982421875,1950.9154052734375,1.7090797424316406,172.3040771484375,3.4002685546875,76561197960710573,NBK-,OGEsports,CT,-716.2395629882812,2291.95166015625,-112.30511474609375,352.3040771484375,357.1051025390625,,,,,False,False,False,0,False,False,False,False,,,,,False,False,2529.8292298715182,False,,,,AWP,Rifle,7,OG-NaVi-BLAST2020,de_dust2
46,130389,6.609375,00:34,76561198037812448,ISSAA,OGEsports,CT,-482.95086669921875,1454.0799560546875,-110.99702453613281,278.2177734375,354.583740234375,76561198044045107,electronic,Natus Vincere,T,-325.2119140625,308.1816101074219,1.593912124633789,97.921142578125,6.48193359375,,,,,False,False,False,0,False,True,False,False,,,,,False,False,1162.1709493193146,False,,,,AK-47,Rifle,7,OG-NaVi-BLAST2020,de_dust2
47,147660,75.5390625,00:40,76561198013243328,Aleksib,OGEsports,CT,-1666.5416259765625,2220.43798828125,-3.0230464935302734,357.8961181640625,3.4881591796875,76561198146207066,Boombl4,Natus Vincere,T,179.58131408691406,2156.62890625,-127.86104583740234,184.493408203125,356.81396484375,,,,,False,False,False,0,True,True,False,False,,,,,False,False,1851.4389092968922,False,,,,Desert Eagle,Pistols,8,OG-NaVi-BLAST2020,de_dust2
48,148889,85.140625,00:30,76561197960710576,NBK-,OGEsports,CT,554.7990112304688,2297.6923828125,127.03125,255.1849365234375,14.710693359375,76561198044045107,electronic,Natus Vincere,T,400.6781005859375,1692.879150390625,62.97417068481445,75.0201416015625,359.47265625,,,,,False,False,False,0,False,False,False,False,,,,,False,False,627.4198041350692,False,,,,M4A4,Rifle,8,OG-NaVi-BLAST2020,de_dust2
49,157172,9.8515625,01:46,76561197960710576,NBK-,OGEsports,CT,1559.6552734375,1154.7327880859375,1.03125,195.49072265625,1.95556640625,76561198146207066,Boombl4,Natus Vincere,T,696.8191528320312,913.4493408203125,-0.14224815368652344,355.177001953125,8.9593505859375,,,,,False,False,False,0,True,False,False,False,,,,,False,False,895.9381954374952,False,,,,M4A4,Rifle,9,OG-NaVi-BLAST2020,de_dust2
50,157543,12.75,01:43,76561197960710576,NBK-,OGEsports,CT,1588.2685546875,1163.4957275390625,1.3508834838867188,199.8248291015625,0.3350830078125,76561198116523276,flamie,Natus Vincere,T,645.5520629882812,814.3456420898438,0.6241984367370605,20.3302001953125,0.06591796875,,,,,False,False,False,0,False,True,False,False,,,,,False,False,1005.2963214704596,False,,,,M4A4,Rifle,9,OG-NaVi-BLAST2020,de_dust2
51,157864,15.2578125,01:40,76561198034202272,s1mple,Natus Vincere,T,542.466552734375,628.296142578125,3.3101882934570312,39.407958984375,0.4669189453125,76561198114929868,valde,OGEsports,CT,1381.28466796875,1299.258056640625,-10.495075225830078,217.4908447265625,353.9300537109375,,,,,False,False,False,0,False,False,True,True,76561198114929872,valde,OGEsports,CT,False,False,1074.2422007483228,False,,,,AWP,Rifle,9,OG-NaVi-BLAST2020,de_dust2
52,159353,26.890625,01:29,76561197960710576,NBK-,OGEsports,CT,1577.980224609375,1319.24560546875,0.03125,203.5986328125,8.2232666015625,76561198044045107,electronic,Natus Vincere,T,533.5215454101562,808.0000610351562,3.1700668334960938,28.9434814453125,5.1251220703125,76561198013243328,Aleksib,OGEsports,CT,False,False,False,0,False,False,False,False,,,,,False,True,1162.8739361723146,False,,,,M4A4,Rifle,9,OG-NaVi-BLAST2020,de_dust2
53,159689,29.515625,01:26,76561198121220480,Perfecto,Natus Vincere,T,707.0557861328125,1060.6356201171875,0.9102134704589844,330.9136962890625,3.9495849609375,76561198013243326,Aleksib,OGEsports,CT,1367.7860107421875,688.4523315429688,-33.666255950927734,151.1444091796875,358.934326171875,76561198146207072,Boombl4,Natus Vincere,T,False,False,False,0,False,True,False,False,,,,,False,False,759.1313208160518,False,,,,AK-47,Rifle,9,OG-NaVi-BLAST2020,de_dust2
54,159711,29.6875,01:26,76561198034202272,s1mple,Natus Vincere,T,544.8552856445312,974.1484985351562,1.3693466186523438,2.2247314453125,0.8734130859375,76561197960710573,NBK-,OGEsports,CT,1552.9110107421875,988.726318359375,1.03125,177.38525390625,0.76904296875,,,,,False,False,False,0,False,False,False,False,,,,,False,False,1008.161183562585,False,,,,AWP,Rifle,9,OG-NaVi-BLAST2020,de_dust2
55,160568,36.3828125,01:19,76561198016432560,mantuu,OGEsports,CT,1259.8062744140625,2568.05615234375,127.03125,270.439453125,5.7403564453125,76561198121220486,Perfecto,Natus Vincere,T,1263.1483154296875,1285.5694580078125,1.0812492370605469,88.5498046875,359.82421875,,,,,False,False,False,0,False,False,False,False,,,,,False,False,1288.6608138214863,False,,,,SSG 08,Rifle,9,OG-NaVi-BLAST2020,de_dust2
56,168590,99.0546875,00:16,76561198034202272,s1mple,Natus Vincere,T,1281.0435791015625,1842.5650634765625,1.1795903444290161,268.428955078125,0.362548828125,76561198037812456,ISSAA,OGEsports,CT,1253.9244384765625,820.0913696289062,0.2778816223144531,88.7860107421875,0.1812744140625,,,,,False,False,False,0,False,True,False,False,,,,,False,False,1022.833669507085,False,,,,AK-47,Rifle,9,OG-NaVi-BLAST2020,de_dust2
57,168760,100.3828125,00:15,76561198016432560,mantuu,OGEsports,CT,1019.0245971679688,2471.83740234375,170.03125,297.2296142578125,16.435546875,76561198034202275,s1mple,Natus Vincere,T,1354.01806640625,1863.848388671875,-6.877132415771484,120.794677734375,2.6751708984375,,,,,False,False,False,0,False,False,False,False,,,,,False,False,716.3573416577536,True,ISSAA,OGEsports,7.656119803781245e+16,SSG 08,Rifle,9,OG-NaVi-BLAST2020,de_dust2
58,174272,18.0625,01:37,76561198016432560,mantuu,OGEsports,CT,-665.3533935546875,2478.013671875,-81.89071655273438,285.3204345703125,358.187255859375,76561198034202275,s1mple,Natus Vincere,T,-89.75022888183594,410.9692687988281,-1.2898826599121094,105.205078125,2.3895263671875,,,,,False,False,False,0,True,False,False,False,,,,,False,False,2147.2047088934364,False,,,,AWP,Rifle,10,OG-NaVi-BLAST2020,de_dust2
59,177912,46.5,01:09,76561198114929872,valde,OGEsports,CT,1097.1568603515625,2623.871826171875,96.40936279296875,223.2586669921875,0.3076171875,76561198146207066,Boombl4,Natus Vincere,T,425.34820556640625,1593.5848388671875,2.62483286857605,80.4144287109375,351.8975830078125,,,,,False,False,False,0,False,False,False,False,,,,,False,False,1233.5370618294166,False,,,,HE Grenade,Grenade,10,OG-NaVi-BLAST2020,de_dust2
60,180764,68.78125,00:47,76561198016432560,mantuu,OGEsports,CT,1650.519775390625,1816.1029052734375,0.7223564386367798,153.3636474609375,356.7755126953125,76561198121220486,Perfecto,Natus Vincere,T,367.0561218261719,2487.288818359375,96.18592834472656,332.5396728515625,4.1253662109375,,,,,False,False,False,0,False,False,False,False,,,,,False,False,1451.510514432151,False,,,,AWP,Rifle,10,OG-NaVi-BLAST2020,de_dust2
61,180956,70.28125,00:45,76561198037812448,ISSAA,OGEsports,CT,-317.89556884765625,2094.15283203125,-127.92205810546875,19.9951171875,2.4609375,76561198044045107,electronic,Natus Vincere,T,450.56390380859375,2388.091064453125,-119.58505249023438,205.0762939453125,0.52734375,,,,,False,False,False,0,False,False,False,False,,,,,False,False,822.7995814638256,False,,,,AK-47,Rifle,10,OG-NaVi-BLAST2020,de_dust2
62,181220,72.34375,00:43,76561198013243328,Aleksib,OGEsports,CT,1117.4814453125,2503.621337890625,96.0000228881836,168.72802734375,0.3515625,76561198116523276,flamie,Natus Vincere,T,441.199951171875,2643.260498046875,95.3753662109375,322.2454833984375,3.9385986328125,,,,,False,False,False,0,False,True,False,False,,,,,False,False,690.5477134580807,False,,,,M4A4,Rifle,10,OG-NaVi-BLAST2020,de_dust2
63,188321,30.46875,01:25,76561198016432560,mantuu,OGEsports,CT,-2024.598388671875,1441.5860595703125,33.56658935546875,335.489501953125,2.70263671875,76561198121220486,Perfecto,Natus Vincere,T,-1192.0233154296875,1090.151123046875,4.25423526763916,157.6483154296875,357.5390625,,,,,False,False,False,0,True,False,False,False,,,,,False,False,904.1830463438455,False,,,,AWP,Rifle,11,OG-NaVi-BLAST2020,de_dust2
64,189633,40.71875,01:15,76561198013243328,Aleksib,OGEsports,CT,-342.0018615722656,1600.9964599609375,-126.9894027709961,280.7501220703125,345.245361328125,76561198034202275,s1mple,Natus Vincere,T,-243.96343994140625,1110.4365234375,32.03125,108.6383056640625,8.734130859375,,,,,False,False,False,0,False,True,False,False,,,,,False,False,524.9268057981635,False,,,,M4A4,Rifle,11,OG-NaVi-BLAST2020,de_dust2
65,190387,46.609375,01:09,76561198114929872,valde,OGEsports,CT,1208.09423828125,2631.8544921875,96.69264221191406,208.8555908203125,2.724609375,76561198044045107,electronic,Natus Vincere,T,326.2984924316406,2151.56884765625,97.63670349121094,28.1414794921875,1.20849609375,,,,,False,False,False,0,False,True,False,False,,,,,False,False,1004.1110142772891,False,,,,M4A4,Rifle,11,OG-NaVi-BLAST2020,de_dust2
66,190791,49.765625,01:06,76561198037812448,ISSAA,OGEsports,CT,613.7236938476562,2264.177734375,-87.80843353271484,248.70849609375,326.9256591796875,76561198146207066,Boombl4,Natus Vincere,T,314.1927185058594,2326.75439453125,97.24363708496094,16.2322998046875,1.3677978515625,76561198114929872,valde,OGEsports,CT,False,False,False,0,False,False,False,False,,,,,False,False,357.6016113294349,False,,,,HE Grenade,Grenade,11,OG-NaVi-BLAST2020,de_dust2
67,191122,52.3515625,01:03,76561198116523280,flamie,Natus Vincere,T,336.757080078125,2076.258056640625,96.40980529785156,33.760986328125,1.6534423828125,76561198114929868,valde,OGEsports,CT,1191.7960205078125,2645.666015625,95.99945831298828,213.4808349609375,3.8232421875,76561198044045104,electronic,Natus Vincere,T,False,False,False,0,False,True,False,False,,,,,False,False,1027.2863192851944,False,,,,AK-47,Rifle,11,OG-NaVi-BLAST2020,de_dust2
68,191658,56.5390625,00:59,76561198016432560,mantuu,OGEsports,CT,-259.6915283203125,1290.0367431640625,32.03125,25.147705078125,4.0869140625,76561198116523276,flamie,Natus Vincere,T,373.8033447265625,1573.5771484375,3.0050487518310547,190.0634765625,2.98828125,,,,,False,False,False,0,False,False,False,False,,,,,False,False,694.6606624519634,True,valde,OGEsports,7.656119811492987e+16,AWP,Rifle,11,OG-NaVi-BLAST2020,de_dust2
69,199872,39.171875,01:16,76561198037812448,ISSAA,OGEsports,CT,-1884.0721435546875,2287.811279296875,1.8599199056625366,260.244140625,4.2462158203125,76561198121220486,Perfecto,Natus Vincere,T,-2083.62451171875,1042.679931640625,39.80140686035156,80.244140625,1.8402099609375,,,,,False,False,False,0,True,False,False,False,,,,,False,False,1261.5913668809278,False,,,,AK-47,Rifle,12,OG-NaVi-BLAST2020,de_dust2
70,201157,49.2109375,01:06,76561197960710576,NBK-,OGEsports,CT,-2031.8369140625,2905.0283203125,33.00272750854492,273.6090087890625,359.5660400390625,76561198034202275,s1mple,Natus Vincere,T,-1915.6209716796875,1076.78564453125,33.888092041015625,93.4442138671875,0.7635498046875,,,,,False,False,False,0,False,True,False,False,,,,,False,False,1831.9329165343543,False,,,,AUG,Rifle,12,OG-NaVi-BLAST2020,de_dust2
71,205425,82.5546875,00:33,76561198037812448,ISSAA,OGEsports,CT,-1896.1605224609375,2103.50244140625,-2.0343666076660156,259.2333984375,4.493408203125,76561198146207066,Boombl4,Natus Vincere,T,-1812.9312744140625,1131.7706298828125,41.79546356201172,7.49267578125,5.9930419921875,76561198016432560,mantuu,OGEsports,CT,False,False,False,0,False,False,False,False,,,,,False,False,976.273975515978,False,,,,HE Grenade,Grenade,12,OG-NaVi-BLAST2020,de_dust2
72,206927,94.2890625,00:21,76561198044045104,electronic,Natus Vincere,T,-1941.820556640625,1380.3887939453125,31.88250732421875,101.27197265625,2.274169921875,76561198037812456,ISSAA,OGEsports,CT,-2092.145751953125,2156.939697265625,0.8165887594223022,279.0582275390625,357.8466796875,76561198121220480,Perfecto,Natus Vincere,T,False,False,False,0,False,True,False,False,,,,,False,False,791.5769457795049,False,,,,Tec-9,Pistols,12,OG-NaVi-BLAST2020,de_dust2
73,207046,95.21875,00:20,76561198116523280,flamie,Natus Vincere,T,-1926.5860595703125,1136.8026123046875,32.626808166503906,93.5980224609375,0.1263427734375,76561197960710573,NBK-,OGEsports,CT,-2040.2620849609375,2914.88525390625,33.19407653808594,274.0814208984375,359.9395751953125,,,,,False,False,False,0,False,True,False,False,,,,,False,False,1781.7127829442113,False,,,,SSG 08,Rifle,12,OG-NaVi-BLAST2020,de_dust2
74,207553,99.1796875,00:16,76561198013243328,Aleksib,OGEsports,CT,-1305.05078125,2681.322998046875,130.03125,234.9920654296875,7.020263671875,76561198044045107,electronic,Natus Vincere,T,-1942.03125,1727.1566162109375,33.52997589111328,56.1676025390625,358.30810546875,76561197960710576,NBK-,OGEsports,CT,False,False,True,1,False,False,False,False,,,,,False,False,1151.2993084769453,False,,,,AK-47,Rifle,12,OG-NaVi-BLAST2020,de_dust2
75,209035,110.7578125,00:05,76561198016432560,mantuu,OGEsports,CT,588.4479370117188,2143.981201171875,-100.10016632080078,177.088623046875,357.2808837890625,76561198116523276,flamie,Natus Vincere,T,-1714.6639404296875,2279.63232421875,-0.6622315049171448,66.851806640625,5.262451171875,76561197960710576,NBK-,OGEsports,CT,False,False,True,1,False,False,True,False,76561198114929872,valde,OGEsports,CT,False,False,2309.2452122015984,False,,,,AWP,Rifle,12,OG-NaVi-BLAST2020,de_dust2
76,222838,82.84375,00:33,76561198121220480,Perfecto,Natus Vincere,T,326.38616943359375,2122.850830078125,97.47111511230469,53.7176513671875,4.273681640625,76561197960710573,NBK-,OGEsports,CT,774.1289672851562,2741.0625,96.9396743774414,234.1790771484375,359.6649169921875,,,,,False,False,False,0,True,False,False,False,,,,,False,True,763.3214030045228,False,,,,AK-47,Rifle,13,OG-NaVi-BLAST2020,de_dust2
77,223556,88.453125,00:27,76561198013243328,Aleksib,OGEsports,CT,1399.192626953125,2431.176513671875,33.050289154052734,237.3980712890625,8.45947265625,76561198146207066,Boombl4,Natus Vincere,T,1144.954833984375,2046.7838134765625,1.9037357568740845,56.9366455078125,356.6876220703125,,,,,False,False,False,0,False,True,False,False,,,,,False,False,461.91418155928886,False,,,,AK-47,Rifle,13,OG-NaVi-BLAST2020,de_dust2
78,224503,95.8515625,00:20,76561198016432560,mantuu,OGEsports,CT,-1311.251953125,2204.42724609375,2.34124755859375,351.8701171875,7.8717041015625,76561198116523276,flamie,Natus Vincere,T,-556.1597900390625,2130.67431640625,-61.84358215332031,52.93212890625,26.3287353515625,,,,,False,False,False,0,False,False,False,False,,,,,False,False,761.3956670197413,False,,,,AWP,Rifle,13,OG-NaVi-BLAST2020,de_dust2
79,225353,102.4921875,00:13,76561198034202272,s1mple,Natus Vincere,T,-426.1051940917969,1629.8284912109375,-125.99781799316406,278.0804443359375,354.9517822265625,76561198114929868,valde,OGEsports,CT,-273.06890869140625,465.5223693847656,-2.6971664428710938,97.0697021484375,6.3336181640625,,,,,False,False,False,0,False,False,False,False,,,,,False,False,1180.775973944159,False,,,,AWP,Rifle,13,OG-NaVi-BLAST2020,de_dust2
80,225927,106.9765625,00:09,76561198016432560,mantuu,OGEsports,CT,-1819.2366943359375,2064.47607421875,-4.561479568481445,246.917724609375,355.341796875,76561198044045107,electronic,Natus Vincere,T,-2021.715576171875,1621.033935546875,32.272735595703125,86.693115234375,0.087890625,,,,,False,False,False,0,False,False,False,False,,,,,False,False,488.8715448317476,False,,,,AWP,Rifle,13,OG-NaVi-BLAST2020,de_dust2
81,226557,111.8984375,00:04,76561198013243328,Aleksib,OGEsports,CT,1383.5509033203125,2565.75146484375,66.66919708251953,227.933349609375,349.9090576171875,76561198121220486,Perfecto,Natus Vincere,T,1153.7298583984375,2312.656005859375,127.03125,49.537353515625,14.490966796875,,,,,False,False,False,0,False,True,False,False,,,,,False,False,347.1578912827802,False,,,,AK-47,Rifle,13,OG-NaVi-BLAST2020,de_dust2
82,226660,112.703125,00:03,76561198034202272,s1mple,Natus Vincere,T,467.8143615722656,2028.50439453125,133.03125,30.618896484375,3.9715576171875,76561198013243326,Aleksib,OGEsports,CT,1367.85546875,2558.86669921875,66.30313873291016,188.6627197265625,359.2913818359375,76561198121220480,Perfecto,Natus Vincere,T,False,False,True,1,False,True,False,False,,,,,False,False,1046.809824980847,True,Perfecto,Natus Vincere,7.656119812122048e+16,AWP,Rifle,13,OG-NaVi-BLAST2020,de_dust2
83,231791,12.7890625,01:43,76561198044045104,electronic,Natus Vincere,T,-562.1580200195312,1927.7156982421875,-118.13446044921875,26.60888671875,5.51513671875,76561198013243326,Aleksib,OGEsports,CT,239.54443359375,2340.63427734375,-71.96763610839844,200.7696533203125,1.856689453125,,,,,False,False,False,0,True,False,False,False,,,,,False,True,902.9728416550106,False,,,,AK-47,Rifle,14,OG-NaVi-BLAST2020,de_dust2
84,232575,18.9140625,01:37,76561198044045104,electronic,Natus Vincere,T,-1134.4083251953125,2550.3369140625,46.28750228881836,240.106201171875,4.10888671875,76561197960710573,NBK-,OGEsports,CT,-1659.7244873046875,1628.91552734375,2.430636405944824,106.5179443359375,1.812744140625,76561198116523280,flamie,Natus Vincere,T,False,False,False,0,False,False,True,False,76561198121220480,Perfecto,Natus Vincere,T,False,False,1061.5544577463259,False,,,,AK-47,Rifle,14,OG-NaVi-BLAST2020,de_dust2
85,232820,20.828125,01:35,76561198037812448,ISSAA,OGEsports,CT,-1575.9339599609375,2548.1103515625,4.086727142333984,25.4498291015625,339.6148681640625,76561198044045107,electronic,Natus Vincere,T,-1299.3756103515625,2680.3203125,130.03125,203.9501953125,25.3564453125,,,,,False,False,False,0,False,False,False,False,,,,,False,False,331.4000865232261,True,NBK-,OGEsports,7.656119796071058e+16,M4A4,Rifle,14,OG-NaVi-BLAST2020,de_dust2
86,233104,23.046875,01:32,76561198037812448,ISSAA,OGEsports,CT,-1571.0228271484375,2586.990478515625,4.94517707824707,144.3109130859375,1.1700439453125,76561198116523276,flamie,Natus Vincere,T,-1922.3006591796875,2829.8076171875,30.321495056152344,325.9918212890625,4.21875,,,,,False,False,False,0,False,True,False,False,,,,,False,False,427.7852681234914,False,,,,M4A4,Rifle,14,OG-NaVi-BLAST2020,de_dust2
87,233167,23.5390625,01:32,76561198121220480,Perfecto,Natus Vincere,T,-1821.0670166015625,1899.6591796875,0.03125,69.45556640625,4.2462158203125,76561198037812456,ISSAA,OGEsports,CT,-1568.189697265625,2593.733154296875,5.027919769287109,151.424560546875,7.3883056640625,,,,,False,False,True,1,False,False,False,False,,,,,False,False,738.7222668725834,True,flamie,Natus Vincere,7.656119811652328e+16,AK-47,Rifle,14,OG-NaVi-BLAST2020,de_dust2
88,251267,68.8125,00:47,76561198034202272,s1mple,Natus Vincere,T,1413.9473876953125,1178.580322265625,-10.066728591918945,200.1708984375,3.702392578125,76561198114929868,valde,OGEsports,CT,1774.54443359375,2202.4384765625,1.174367904663086,242.8802490234375,359.066162109375,,,,,False,False,False,0,True,False,False,True,,,,,False,False,1085.560736154974,False,,,,Molotov,Grenade,15,OG-NaVi-BLAST2020,de_dust2
89,252193,76.046875,00:39,76561198146207072,Boombl4,Natus Vincere,T,-183.51022338867188,1275.3009033203125,0.30655670166015625,30.4595947265625,4.0814208984375,76561198016432560,mantuu,OGEsports,CT,377.7604675292969,1609.23681640625,4.308403015136719,208.5205078125,2.032470703125,,,,,False,False,False,0,False,False,False,False,,,,,False,False,653.1110145342747,False,,,,AK-47,Rifle,15,OG-NaVi-BLAST2020,de_dust2
90,252682,79.8671875,00:36,76561198146207072,Boombl4,Natus Vincere,T,-342.0104675292969,1519.6805419921875,-125.78584289550781,136.043701171875,4.910888671875,76561198037812456,ISSAA,OGEsports,CT,-569.9895629882812,1742.89697265625,-115.255126953125,315.516357421875,9.854736328125,,,,,False,False,False,0,False,True,False,False,,,,,False,False,319.2349273857109,False,,,,AK-47,Rifle,15,OG-NaVi-BLAST2020,de_dust2
91,253374,85.2734375,00:30,76561197960710576,NBK-,OGEsports,CT,-553.6259765625,2437.977294921875,-88.06358337402344,279.678955078125,9.8931884765625,76561198146207066,Boombl4,Natus Vincere,T,-405.759765625,1606.7440185546875,-126.50342559814453,100.030517578125,6.3116455078125,,,,,False,False,False,0,False,False,False,False,,,,,False,False,845.1572620213102,False,,,,M4A4,Rifle,15,OG-NaVi-BLAST2020,de_dust2
92,254362,1.9375,00:39,76561198116523280,flamie,Natus Vincere,T,1365.298095703125,2601.096923828125,77.92628479003906,173.7432861328125,3.80126953125,76561198013243326,Aleksib,OGEsports,CT,504.9056701660156,2708.21240234375,95.71511840820312,350.859375,1.724853515625,76561198044045104,electronic,Natus Vincere,T,False,False,False,0,False,False,False,False,,,,,False,False,867.2169822257613,False,,,,AK-47,Rifle,15,OG-NaVi-BLAST2020,de_dust2
93,254842,5.6875,00:35,76561197960710576,NBK-,OGEsports,CT,-73.66058349609375,2234.972412109375,-128.0807647705078,356.0504150390625,356.297607421875,76561198034202275,s1mple,Natus Vincere,T,1729.7674560546875,2105.8076171875,45.59237289428711,175.594482421875,6.5313720703125,,,,,False,False,False,0,False,True,False,False,,,,,False,False,1816.3696201025602,False,,,,M4A4,Rifle,15,OG-NaVi-BLAST2020,de_dust2
94,257266,24.625,00:16,76561198116523280,flamie,Natus Vincere,T,1004.96875,2379.993408203125,27.46565055847168,212.640380859375,355.67138671875,76561197960710573,NBK-,OGEsports,CT,336.9079895019531,1972.974853515625,97.12049865722656,28.01513671875,1.6204833984375,76561198146207072,Boombl4,Natus Vincere,T,False,False,False,0,False,False,False,False,,,,,False,False,785.379577937185,False,,,,AK-47,Rifle,15,OG-NaVi-BLAST2020,de_dust2
95,288082,26.1796875,01:29,76561198016432560,mantuu,OGEsports,T,1374.425537109375,2129.798828125,-5.1847968101501465,158.9776611328125,354.737548828125,76561198034202275,s1mple,Natus Vincere,CT,349.1928405761719,2521.8564453125,96.65176391601562,330.985107421875,5.3009033203125,76561197960710576,NBK-,OGEsports,T,False,False,False,0,True,True,True,False,76561198013243328,Aleksib,OGEsports,T,False,False,1102.3529118825863,False,,,,Glock-18,Pistols,16,OG-NaVi-BLAST2020,de_dust2
96,288526,29.6484375,01:26,76561198044045104,electronic,Natus Vincere,CT,-1123.087890625,1282.8642578125,-110.29528045654297,31.81640625,0.4833984375,76561198114929868,valde,OGEsports,T,-852.4697265625,1458.4564208984375,-112.15294647216797,343.5205078125,354.6771240234375,,,,,False,False,False,0,False,True,False,False,,,,,False,False,322.59920858672643,False,,,,USP-S,Pistols,16,OG-NaVi-BLAST2020,de_dust2
97,291620,17.34375,00:23,76561198116523280,flamie,Natus Vincere,CT,504.9651794433594,2720.96923828125,96.09864044189453,347.255859375,1.7578125,76561198016432560,mantuu,OGEsports,T,1301.9620361328125,2541.035400390625,73.73448181152344,157.8680419921875,358.1103515625,,,,,False,False,False,0,False,True,False,False,,,,,False,False,817.3618116734857,False,,,,USP-S,Pistols,16,OG-NaVi-BLAST2020,de_dust2
98,291683,17.8359375,00:23,76561198037812448,ISSAA,OGEsports,T,1102.966796875,2465.93017578125,95.97096252441406,135.5767822265625,0.3076171875,76561198146207066,Boombl4,Natus Vincere,CT,798.7527465820312,2755.79736328125,100.24908447265625,318.4002685546875,0.6976318359375,,,,,False,False,False,0,False,True,False,False,,,,,False,False,420.22312776930437,False,,,,Glock-18,Pistols,16,OG-NaVi-BLAST2020,de_dust2
99,291729,18.1953125,00:22,76561198116523280,flamie,Natus Vincere,CT,529.7183837890625,2707.202392578125,95.37291717529297,339.36767578125,0.1043701171875,76561198037812456,ISSAA,OGEsports,T,1118.8343505859375,2480.244140625,95.661376953125,138.768310546875,359.6319580078125,,,,,False,False,False,0,False,True,False,False,,,,,False,False,631.3222265006027,True,Boombl4,Natus Vincere,7.656119814620707e+16,USP-S,Pistols,16,OG-NaVi-BLAST2020,de_dust2
100,292089,21.0078125,00:19,76561197960710576,NBK-,OGEsports,T,1149.13720703125,3038.549072265625,129.61399841308594,248.818359375,3.7408447265625,76561198116523276,flamie,Natus Vincere,CT,935.4442749023438,2500.476806640625,96.34169006347656,67.3626708984375,356.9403076171875,,,,,False,False,False,0,False,True,False,False,,,,,False,False,579.9081640911614,True,ISSAA,OGEsports,7.656119803781245e+16,Glock-18,Pistols,16,OG-NaVi-BLAST2020,de_dust2
101,292111,21.1796875,00:19,76561198044045104,electronic,Natus Vincere,CT,1136.4251708984375,2157.153564453125,2.6561508178710938,313.604736328125,0.4339599609375,76561198013243326,Aleksib,OGEsports,T,1474.8458251953125,1787.474365234375,-7.894015312194824,134.4122314453125,359.5440673828125,,,,,False,False,False,0,False,True,False,False,,,,,False,False,501.30086334965875,False,,,,USP-S,Pistols,16,OG-NaVi-BLAST2020,de_dust2
102,292862,27.046875,00:13,76561197960710576,NBK-,OGEsports,T,1082.2744140625,3059.646728515625,131.3021240234375,261.6888427734375,1.0546875,76561198121220486,Perfecto,Natus Vincere,CT,991.5579223632812,2393.84716796875,127.03125,80.8978271484375,0.7086181640625,,,,,False,False,False,0,False,True,False,False,,,,,False,False,671.9648629620082,False,,,,Glock-18,Pistols,16,OG-NaVi-BLAST2020,de_dust2
103,292867,27.0859375,00:13,76561198044045104,electronic,Natus Vincere,CT,1410.64599609375,2418.870361328125,29.523452758789062,116.1309814453125,352.9852294921875,76561197960710573,NBK-,OGEsports,T,1082.172119140625,3059.66357421875,131.3021240234375,261.6888427734375,0.8624267578125,76561198121220480,Perfecto,Natus Vincere,CT,False,False,False,0,False,False,False,False,,,,,False,False,727.234437751475,True,Perfecto,Natus Vincere,7.656119812122048e+16,USP-S,Pistols,16,OG-NaVi-BLAST2020,de_dust2
104,314268,89.2578125,00:26,76561198116523280,flamie,Natus Vincere,CT,-1852.9703369140625,2496.062744140625,30.932411193847656,257.9864501953125,4.713134765625,76561198037812456,ISSAA,OGEsports,T,-2017.4171142578125,1707.5997314453125,32.713653564453125,60.150146484375,7.8826904296875,,,,,False,False,False,0,True,False,True,False,76561198116523280,flamie,Natus Vincere,CT,False,False,805.43146064187,False,,,,MP9,SMG,17,OG-NaVi-BLAST2020,de_dust2
105,314292,89.4453125,00:26,76561198016432560,mantuu,OGEsports,T,-1975.6236572265625,1529.7000732421875,32.71156311035156,82.7655029296875,0.5712890625,76561198116523276,flamie,Natus Vincere,CT,-1833.9324951171875,2491.73046875,31.252351760864258,256.6845703125,6.43798828125,76561197960710576,NBK-,OGEsports,T,False,False,True,1,False,True,False,False,,,,,False,False,972.4098912488425,True,ISSAA,OGEsports,7.656119803781245e+16,Galil AR,Rifle,17,OG-NaVi-BLAST2020,de_dust2
106,314483,90.9375,00:25,76561197960710576,NBK-,OGEsports,T,-2025.780517578125,1647.1746826171875,32.74529266357422,62.017822265625,0.4339599609375,76561198034202275,s1mple,Natus Vincere,CT,-1438.9427490234375,2758.1650390625,15.210905075073242,241.776123046875,359.89013671875,76561198037812448,ISSAA,OGEsports,T,False,False,False,0,False,False,False,False,,,,,False,False,1256.5769349565635,False,,,,Galil AR,Rifle,17,OG-NaVi-BLAST2020,de_dust2
107,314829,93.640625,00:22,76561198121220480,Perfecto,Natus Vincere,CT,-1630.2757568359375,1640.604248046875,2.2994842529296875,70.9002685546875,2.669677734375,76561198013243326,Aleksib,OGEsports,T,-1416.24072265625,2229.4228515625,0.03125,88.538818359375,8.63525390625,,,,,False,False,False,0,False,False,False,False,,,,,False,False,626.5169499614651,False,,,,USP-S,Pistols,17,OG-NaVi-BLAST2020,de_dust2
108,314835,93.6875,00:22,76561197960710576,NBK-,OGEsports,T,-1855.5325927734375,2023.72216796875,-4.170485496520996,301.1737060546875,359.615478515625,76561198121220486,Perfecto,Natus Vincere,CT,-1630.2757568359375,1640.604248046875,2.2994842529296875,70.872802734375,2.6092529296875,76561198013243328,Aleksib,OGEsports,T,False,False,False,0,False,False,False,False,,,,,False,False,444.479294467579,True,Aleksib,OGEsports,7.656119801324333e+16,Galil AR,Rifle,17,OG-NaVi-BLAST2020,de_dust2
109,315407,98.15625,00:17,76561198114929872,valde,OGEsports,T,-428.31597900390625,1654.04052734375,-126.10322570800781,276.48193359375,2.098388671875,76561198044045107,electronic,Natus Vincere,CT,-372.24462890625,1008.3163452148438,-56.17912292480469,105.1171875,8.9044189453125,,,,,False,False,False,0,False,False,False,False,,,,,False,False,651.9149452481165,False,,,,UMP-45,SMG,17,OG-NaVi-BLAST2020,de_dust2
110,315699,100.4375,00:15,76561198146207072,Boombl4,Natus Vincere,CT,-1015.5877685546875,1386.5709228515625,-112.61371612548828,10.6512451171875,1.1151123046875,76561198114929868,valde,OGEsports,T,-599.1049194335938,1464.064453125,-112.64971160888672,191.8707275390625,1.527099609375,,,,,False,False,False,0,False,True,False,False,,,,,False,False,423.6309858142328,True,electronic,Natus Vincere,7.65611980440451e+16,MP9,SMG,17,OG-NaVi-BLAST2020,de_dust2
111,318046,16.046875,00:24,76561198016432560,mantuu,OGEsports,T,-1948.8656005859375,2397.617431640625,11.797492980957031,270.1593017578125,358.3575439453125,76561198146207066,Boombl4,Natus Vincere,CT,-1949.1925048828125,1391.451904296875,31.708341598510742,85.550537109375,0.98876953125,,,,,False,False,False,0,False,True,False,False,,,,,False,False,1006.3625674547008,False,,,,Galil AR,Rifle,17,OG-NaVi-BLAST2020,de_dust2
112,324407,24.6953125,01:31,76561198034202272,s1mple,Natus Vincere,CT,-2067.556640625,1886.478759765625,1.8357765674591064,285.8587646484375,357.6214599609375,76561198037812456,ISSAA,OGEsports,T,-1797.6639404296875,990.1176147460938,40.29391098022461,106.1004638671875,2.2137451171875,,,,,False,False,False,0,True,True,False,False,,,,,False,False,936.9014889634622,False,,,,Desert Eagle,Pistols,18,OG-NaVi-BLAST2020,de_dust2
113,333853,98.4921875,00:17,76561197960710576,NBK-,OGEsports,T,846.34130859375,2659.608154296875,95.65205383300781,12.4749755859375,0.50537109375,76561198121220486,Perfecto,Natus Vincere,CT,1096.81396484375,2723.748291015625,96.26521301269531,201.884765625,0.59326171875,76561198013243328,Aleksib,OGEsports,T,False,False,False,0,False,True,False,False,,,,,False,False,258.5553802020183,False,,,,AK-47,Rifle,18,OG-NaVi-BLAST2020,de_dust2
114,334441,103.0859375,00:12,76561197960710576,NBK-,OGEsports,T,1286.0899658203125,2960.77685546875,128.07867431640625,270.54931640625,16.5234375,76561198146207066,Boombl4,Natus Vincere,CT,1301.4989013671875,2320.47705078125,19.278959274291992,102.37060546875,355.3143310546875,76561198114929872,valde,OGEsports,T,False,False,False,0,False,True,False,False,,,,,False,False,649.6604137322696,False,,,,AK-47,Rifle,18,OG-NaVi-BLAST2020,de_dust2
115,335351,2.6875,00:38,76561198044045104,electronic,Natus Vincere,CT,1195.059814453125,1004.2174072265625,0.03125,74.3829345703125,359.23095703125,76561197960710573,NBK-,OGEsports,T,1578.911865234375,2384.25830078125,26.756057739257812,254.5257568359375,1.23046875,,,,,False,False,False,0,False,False,False,False,,,,,False,False,1432.6791267136168,False,,,,CZ75 Auto,Pistols,18,OG-NaVi-BLAST2020,de_dust2
116,336582,12.3046875,00:28,76561198034202272,s1mple,Natus Vincere,CT,1311.292236328125,2302.787353515625,16.357580184936523,91.9940185546875,350.7550048828125,76561198016432560,mantuu,OGEsports,T,1299.630615234375,2807.642333984375,127.03125,279.4097900390625,12.271728515625,76561198146207072,Boombl4,Natus Vincere,CT,False,False,False,0,False,False,False,False,,,,,False,False,516.9750534609672,False,,,,Desert Eagle,Pistols,18,OG-NaVi-BLAST2020,de_dust2
117,337053,15.984375,00:25,76561198013243328,Aleksib,OGEsports,T,1086.5670166015625,2751.37744140625,103.23141479492188,329.6173095703125,10.65673828125,76561198034202275,s1mple,Natus Vincere,CT,1434.07470703125,2543.01171875,57.22761535644531,147.3980712890625,353.2708740234375,,,,,False,False,False,0,False,True,False,False,,,,,False,False,407.7918817836034,True,mantuu,OGEsports,7.656119801643256e+16,AK-47,Rifle,18,OG-NaVi-BLAST2020,de_dust2
118,337537,19.765625,00:21,76561198114929872,valde,OGEsports,T,363.4359436035156,2412.658203125,95.98542785644531,352.880859375,8.7066650390625,76561198116523276,flamie,Natus Vincere,CT,1002.4513549804688,2343.264404296875,26.453418731689453,172.9083251953125,355.2044677734375,,,,,False,False,False,0,False,False,False,False,,,,,False,False,646.5221539792585,False,,,,Galil AR,Rifle,18,OG-NaVi-BLAST2020,de_dust2
119,337645,20.609375,00:20,76561198044045104,electronic,Natus Vincere,CT,1307.745849609375,2066.31689453125,0.8053760528564453,159.7137451171875,354.825439453125,76561198114929868,valde,OGEsports,T,367.82745361328125,2422.687744140625,95.93757629394531,338.44482421875,5.9381103515625,,,,,False,False,False,0,False,True,False,False,,,,,False,False,1009.7013960106661,True,flamie,Natus Vincere,7.656119811652328e+16,CZ75 Auto,Pistols,18,OG-NaVi-BLAST2020,de_dust2
120,338574,27.8671875,00:13,76561198013243328,Aleksib,OGEsports,T,1023.6220092773438,2597.8798828125,95.89073181152344,272.2027587890625,0.977783203125,76561198044045107,electronic,Natus Vincere,CT,1029.1175537109375,2304.760498046875,127.03125,96.1138916015625,7.3553466796875,76561197960710576,NBK-,OGEsports,T,False,False,False,0,False,False,False,False,,,,,False,False,294.82012585141973,False,,,,AK-47,Rifle,18,OG-NaVi-BLAST2020,de_dust2
121,343531,13.71875,01:42,76561198016432560,mantuu,OGEsports,T,599.231689453125,672.1386108398438,1.0563130378723145,37.8863525390625,359.8077392578125,76561198044045107,electronic,Natus Vincere,CT,1322.135009765625,1248.834228515625,0.5794181823730469,217.7984619140625,0.142822265625,,,,,False,False,False,0,True,False,False,False,,,,,False,False,924.7525471140866,False,,,,AWP,Rifle,19,OG-NaVi-BLAST2020,de_dust2
122,343980,17.2265625,01:38,76561198013243328,Aleksib,OGEsports,T,-294.0413513183594,1472.785400390625,-27.96875,134.3463134765625,24.3017578125,76561198146207066,Boombl4,Natus Vincere,CT,-481.982177734375,1682.4095458984375,-122.4073486328125,313.6212158203125,343.828125,,,,,False,False,False,0,False,False,False,False,,,,,False,False,296.95569623353737,False,,,,MAC-10,SMG,19,OG-NaVi-BLAST2020,de_dust2
123,344306,19.7734375,01:36,76561198034202272,s1mple,Natus Vincere,CT,-159.5217742919922,1322.3798828125,0.09951400756835938,168.1622314453125,16.9244384765625,76561198013243326,Aleksib,OGEsports,T,-564.4446411132812,1406.010498046875,-113.74060821533203,22.5714111328125,345.728759765625,,,,,False,False,False,0,False,False,False,False,,,,,False,False,428.8544989935122,True,Boombl4,Natus Vincere,7.656119814620707e+16,Desert Eagle,Pistols,19,OG-NaVi-BLAST2020,de_dust2
124,344323,19.90625,01:36,76561197960710576,NBK-,OGEsports,T,-655.0806884765625,430.0231628417969,8.613792419433594,59.83154296875,9.700927734375,76561198034202275,s1mple,Natus Vincere,CT,-158.27940368652344,1329.238037109375,0.07006833702325821,168.5687255859375,16.787109375,,,,,False,False,False,0,False,False,False,False,,,,,False,False,1027.361621774089,True,Aleksib,OGEsports,7.656119801324333e+16,AK-47,Rifle,19,OG-NaVi-BLAST2020,de_dust2
125,344576,21.8828125,01:34,76561197960710576,NBK-,OGEsports,T,-517.5198974609375,352.294189453125,3.03125,84.5892333984375,7.5970458984375,76561198116523276,flamie,Natus Vincere,CT,-409.3372497558594,1558.2119140625,-126.1343002319336,265.4351806640625,354.232177734375,,,,,False,False,False,0,False,False,False,False,,,,,False,False,1217.630807411775,False,,,,AK-47,Rifle,19,OG-NaVi-BLAST2020,de_dust2
126,345980,32.8515625,01:23,76561198037812448,ISSAA,OGEsports,T,-28.421489715576172,2026.8751220703125,-122.66544342041016,137.3675537109375,359.5111083984375,76561198121220486,Perfecto,Natus Vincere,CT,-433.1453857421875,2400.46484375,-94.49240112304688,319.81201171875,3.768310546875,76561197960710576,NBK-,OGEsports,T,False,False,False,0,False,True,False,False,,,,,False,False,551.5110447415851,False,,,,AK-47,Rifle,19,OG-NaVi-BLAST2020,de_dust2
127,353925,37.0703125,01:18,76561198013243328,Aleksib,OGEsports,T,-119.29547882080078,1355.1180419921875,0.23054467141628265,22.181396484375,6.0589599609375,76561198044045107,electronic,Natus Vincere,CT,370.5398254394531,1557.1971435546875,2.809053421020508,202.9119873046875,5.2734375,,,,,False,False,False,0,True,True,False,False,,,,,False,False,529.8879478676737,False,,,,AK-47,Rifle,20,OG-NaVi-BLAST2020,de_dust2
128,354908,44.75,01:11,76561198146207072,Boombl4,Natus Vincere,CT,1342.545166015625,1266.4951171875,-7.584761142730713,209.827880859375,5.6744384765625,76561197960710573,NBK-,OGEsports,T,789.4478149414062,949.7722778320312,0.01264190673828125,29.37744140625,6.580810546875,,,,,False,False,False,0,False,False,False,False,,,,,False,False,637.4070577486601,False,,,,FAMAS,Rifle,20,OG-NaVi-BLAST2020,de_dust2
129,354911,44.7734375,01:11,76561198114929872,valde,OGEsports,T,656.0453491210938,742.1006469726562,0.8633155822753906,36.0955810546875,6.9049072265625,76561198146207066,Boombl4,Natus Vincere,CT,1342.529541015625,1266.5234375,-7.584760665893555,210.43212890625,5.9600830078125,,,,,False,False,False,0,False,False,False,False,,,,,False,False,863.916187449841,True,NBK-,OGEsports,7.656119796071058e+16,Galil AR,Rifle,20,OG-NaVi-BLAST2020,de_dust2
130,355284,47.6875,01:08,76561198037812448,ISSAA,OGEsports,T,325.1611328125,1999.8243408203125,98.07049560546875,36.3812255859375,5.2349853515625,76561198116523276,flamie,Natus Vincere,CT,1214.268798828125,2642.77001953125,96.7813949584961,280.2886962890625,23.7579345703125,,,,,False,False,True,1,False,True,True,False,76561198016432560,mantuu,OGEsports,T,False,False,1097.2206930792447,False,,,,AK-47,Rifle,20,OG-NaVi-BLAST2020,de_dust2
131,381986,83.6328125,00:32,76561198116523280,flamie,Natus Vincere,CT,-2090.17236328125,1904.063720703125,3.3207154273986816,297.3944091796875,352.3974609375,76561198114929868,valde,OGEsports,T,-2017.1026611328125,1800.3590087890625,33.03125,163.740234375,14.5623779296875,,,,,False,False,False,0,True,False,False,False,,,,,False,False,130.29414610729756,False,,,,Desert Eagle,Pistols,21,OG-NaVi-BLAST2020,de_dust2
132,382192,85.2421875,00:30,76561198037812448,ISSAA,OGEsports,T,-1999.7659912109375,1781.92919921875,33.03125,159.2578125,15.2105712890625,76561198116523276,flamie,Natus Vincere,CT,-2153.740966796875,1836.758544921875,3.67523193359375,341.1859130859375,352.4688720703125,,,,,False,False,False,0,False,True,False,False,,,,,False,False,166.06121176734203,True,valde,OGEsports,7.656119811492987e+16,AK-47,Rifle,21,OG-NaVi-BLAST2020,de_dust2
133,382257,85.75,00:30,76561197960710576,NBK-,OGEsports,T,-1878.67822265625,1814.7359619140625,79.03125,65.126953125,13.623046875,76561198121220486,Perfecto,Natus Vincere,CT,-1395.717529296875,2775.557373046875,17.678382873535156,244.4403076171875,355.93505859375,76561198037812448,ISSAA,OGEsports,T,False,False,True,1,False,False,False,False,,,,,False,False,1077.1225509319054,False,,,,AK-47,Rifle,21,OG-NaVi-BLAST2020,de_dust2
134,389308,41.0,00:00,,,,,,,,,,76561198044045107,electronic,Natus Vincere,CT,-763.7250366210938,2067.2607421875,-108.94087219238281,161.114501953125,356.3250732421875,,,,,True,True,False,0,False,False,False,False,,,,,False,False,0.0,False,,,,C4,Equipment,21,OG-NaVi-BLAST2020,de_dust2
135,389637,43.5703125,00:00,76561198146207072,Boombl4,Natus Vincere,CT,-1720.8909912109375,661.9658203125,32.09971618652344,80.5517578125,3.955078125,76561197960710573,NBK-,OGEsports,T,-1658.5157470703125,1095.8980712890625,31.488136291503906,262.001953125,1.5216064453125,,,,,False,False,False,0,False,True,False,False,,,,,False,False,438.3927959594649,False,,,,CZ75 Auto,Pistols,21,OG-NaVi-BLAST2020,de_dust2
136,403332,84.5625,00:31,76561197960710576,NBK-,OGEsports,T,283.4131164550781,2191.02734375,98.6282958984375,34.398193359375,10.04150390625,76561198044045107,electronic,Natus Vincere,CT,907.6917114257812,2661.5595703125,95.85771179199219,216.9744873046875,1.4501953125,,,,,False,False,False,0,True,False,False,False,,,,,False,False,781.7493309934777,False,,,,AK-47,Rifle,22,OG-NaVi-BLAST2020,de_dust2
137,404078,90.390625,00:25,76561198034202272,s1mple,Natus Vincere,CT,1633.9105224609375,1859.6536865234375,1.03125,155.4949951171875,356.890869140625,76561197960710573,NBK-,OGEsports,T,346.98907470703125,2450.467529296875,96.62945556640625,334.918212890625,5.51513671875,,,,,False,False,False,0,False,False,True,True,76561198013243328,Aleksib,OGEsports,T,False,False,1419.283913249651,False,,,,AWP,Rifle,22,OG-NaVi-BLAST2020,de_dust2
138,406987,14.140625,00:26,76561198116523280,flamie,Natus Vincere,CT,910.3475341796875,2357.987548828125,-4.971643924713135,215.540771484375,346.168212890625,76561198037812456,ISSAA,OGEsports,T,436.05560302734375,2013.920654296875,133.03125,30.65185546875,16.875,,,,,False,False,False,0,False,True,False,False,,,,,False,False,601.9797858734075,False,,,,M4A4,Rifle,22,OG-NaVi-BLAST2020,de_dust2
139,407168,15.5546875,00:25,76561198013243328,Aleksib,OGEsports,T,370.8598937988281,2117.16552734375,95.65570831298828,19.764404296875,11.8048095703125,76561198116523276,flamie,Natus Vincere,CT,996.5393676757812,2368.229248046875,24.140945434570312,202.4066162109375,353.91357421875,,,,,False,False,False,0,False,True,True,False,76561198121220480,Perfecto,Natus Vincere,CT,False,False,677.9543916767514,True,ISSAA,OGEsports,7.656119803781245e+16,AK-47,Rifle,22,OG-NaVi-BLAST2020,de_dust2
140,407627,19.140625,00:21,76561198034202272,s1mple,Natus Vincere,CT,1544.03662109375,1734.8411865234375,1.03125,108.47900390625,354.583740234375,76561198114929868,valde,OGEsports,T,1185.2598876953125,2804.842041015625,127.03125,288.5723876953125,8.1793212890625,,,,,False,False,False,0,False,False,False,False,,,,,False,False,1135.5609067954324,False,,,,AWP,Rifle,22,OG-NaVi-BLAST2020,de_dust2
141,409096,30.6171875,00:10,76561198034202272,s1mple,Natus Vincere,CT,1134.1263427734375,2908.971435546875,128.01283264160156,234.0692138671875,2.713623046875,76561198016432560,mantuu,OGEsports,T,273.0042724609375,1712.7550048828125,64.50138092041016,54.5855712890625,358.538818359375,,,,,False,False,False,0,False,False,False,False,,,,,False,False,1475.296130771612,False,,,,AWP,Rifle,22,OG-NaVi-BLAST2020,de_dust2
142,422166,30.203125,01:25,76561198146207072,Boombl4,Natus Vincere,CT,1010.4964599609375,1208.451904296875,1.0812492370605469,231.2677001953125,3.0267333984375,76561198016432560,mantuu,OGEsports,T,682.497802734375,805.3541870117188,0.187896728515625,20.181884765625,4.5977783203125,,,,,False,False,False,0,True,True,True,False,76561198016432560,mantuu,OGEsports,T,False,True,519.6842184458138,False,,,,M4A4,Rifle,23,OG-NaVi-BLAST2020,de_dust2
143,422418,32.171875,01:23,76561198114929872,valde,OGEsports,T,519.4739379882812,824.1424560546875,3.2944583892822266,32.947998046875,9.195556640625,76561198146207066,Boombl4,Natus Vincere,CT,1037.113037109375,1159.1353759765625,0.4028129577636719,226.16455078125,1.241455078125,,,,,False,False,False,0,False,False,True,False,76561197960710576,NBK-,OGEsports,T,False,False,616.5864537516072,True,mantuu,OGEsports,7.656119801643256e+16,AK-47,Rifle,23,OG-NaVi-BLAST2020,de_dust2
144,426224,61.90625,00:54,76561198121220480,Perfecto,Natus Vincere,CT,355.8036193847656,2071.852294921875,-125.03030395507812,3.2684326171875,353.3807373046875,76561198013243326,Aleksib,OGEsports,T,1305.194580078125,2127.31640625,-0.7835880517959595,148.5406494140625,353.21044921875,76561197960710576,NBK-,OGEsports,T,False,False,False,0,False,True,False,False,,,,,False,False,959.0916068366095,False,,,,M4A4,Rifle,23,OG-NaVi-BLAST2020,de_dust2
145,426276,62.3125,00:53,76561198114929872,valde,OGEsports,T,1390.2281494140625,2103.095458984375,-7.097696304321289,182.1038818359375,7.3004150390625,76561198121220486,Perfecto,Natus Vincere,CT,355.93182373046875,2069.3388671875,-124.92571258544922,1.395263671875,357.3577880859375,,,,,False,False,False,0,False,True,False,False,,,,,False,False,1041.5334071613206,True,Aleksib,OGEsports,7.656119801324333e+16,AK-47,Rifle,23,OG-NaVi-BLAST2020,de_dust2
146,426431,63.5234375,00:52,76561198044045104,electronic,Natus Vincere,CT,944.6514282226562,2332.36328125,5.179435729980469,340.3070068359375,6.240234375,76561198114929868,valde,OGEsports,T,1389.656005859375,2173.6298828125,-5.312966346740723,160.0103759765625,359.736328125,,,,,False,False,False,0,False,False,False,False,,,,,False,False,472.58380886197546,True,Perfecto,Natus Vincere,7.656119812122048e+16,M4A4,Rifle,23,OG-NaVi-BLAST2020,de_dust2
147,426530,64.296875,00:51,76561198034202272,s1mple,Natus Vincere,CT,423.3439636230469,2484.72802734375,95.4500732421875,341.9659423828125,6.5203857421875,76561198037812456,ISSAA,OGEsports,T,1460.8743896484375,2149.60107421875,-9.633289337158203,159.89501953125,4.2462158203125,,,,,False,False,False,0,False,False,False,False,,,,,False,False,1095.3638540367565,False,,,,AWP,Rifle,23,OG-NaVi-BLAST2020,de_dust2
148,427158,69.203125,00:46,76561197960710576,NBK-,OGEsports,T,1637.3736572265625,1734.4166259765625,1.09124755859375,143.3111572265625,359.593505859375,76561198034202275,s1mple,Natus Vincere,CT,573.49462890625,2513.014404296875,96.16600036621094,323.6517333984375,5.328369140625,,,,,False,False,False,0,False,False,False,False,,,,,False,False,1321.7761898016352,True,ISSAA,OGEsports,7.656119803781245e+16,AK-47,Rifle,23,OG-NaVi-BLAST2020,de_dust2
149,427934,75.265625,00:40,76561197960710576,NBK-,OGEsports,T,1624.380615234375,1732.0948486328125,0.03125,137.52685546875,359.3023681640625,76561198044045107,electronic,Natus Vincere,CT,985.6939086914062,2294.09130859375,16.042186737060547,319.0594482421875,1.834716796875,,,,,False,False,False,0,False,False,False,False,,,,,False,False,850.891932162086,False,,,,AK-47,Rifle,23,OG-NaVi-BLAST2020,de_dust2
150,428659,80.9296875,00:35,76561198116523280,flamie,Natus Vincere,CT,283.7580871582031,2222.266845703125,98.63858032226562,349.5684814453125,4.2901611328125,76561197960710573,NBK-,OGEsports,T,1785.4130859375,1938.7841796875,2.4091246128082275,169.541015625,357.4346923828125,,,,,False,False,False,0,False,True,False,False,,,,,False,False,1531.2054941895667,False,,,,M4A4,Rifle,23,OG-NaVi-BLAST2020,de_dust2
151,433476,12.625,01:43,76561198114929872,valde,OGEsports,T,-1999.79296875,1916.1026611328125,0.5739177465438843,334.412841796875,335.8026123046875,76561198116523276,flamie,Natus Vincere,CT,-1763.545166015625,1814.0008544921875,104.638671875,149.9359130859375,36.7437744140625,,,,,False,False,False,0,True,True,True,False,76561198013243328,Aleksib,OGEsports,T,False,False,277.6099354632607,False,,,,MAC-10,SMG,24,OG-NaVi-BLAST2020,de_dust2
152,433594,13.546875,01:42,76561198034202272,s1mple,Natus Vincere,CT,-1190.628662109375,2229.3564453125,2.870006561279297,196.094970703125,1.6314697265625,76561198114929868,valde,OGEsports,T,-2002.601318359375,2010.07470703125,-1.35205078125,15.4193115234375,0.2197265625,,,,,False,False,False,0,False,False,False,False,,,,,False,False,841.071876244552,True,flamie,Natus Vincere,7.656119811652328e+16,AWP,Rifle,24,OG-NaVi-BLAST2020,de_dust2
153,434429,20.0703125,01:35,76561198013243328,Aleksib,OGEsports,T,-1878.001953125,1814.0052490234375,79.03125,33.1787109375,11.4093017578125,76561198034202275,s1mple,Natus Vincere,CT,-1148.8909912109375,2301.693115234375,5.4213714599609375,213.1402587890625,359.5550537109375,,,,,False,False,False,0,False,False,False,False,,,,,False,True,880.2617019110318,False,,,,AK-47,Rifle,24,OG-NaVi-BLAST2020,de_dust2
154,450251,10.421875,01:45,76561198044045104,electronic,Natus Vincere,CT,1320.9891357421875,961.2494506835938,-4.983518600463867,174.9078369140625,9.0966796875,76561198037812456,ISSAA,OGEsports,T,652.1964111328125,1072.0489501953125,1.3825531005859375,342.7349853515625,4.06494140625,,,,,False,False,False,0,True,False,True,False,76561197960710576,NBK-,OGEsports,T,False,False,677.9386140731192,False,,,,M4A4,Rifle,25,OG-NaVi-BLAST2020,de_dust2
155,454063,40.203125,01:15,76561198013243328,Aleksib,OGEsports,T,-1248.3035888671875,2365.582763671875,21.578933715820312,241.6058349609375,1.669921875,76561198121220486,Perfecto,Natus Vincere,CT,-1654.9434814453125,1645.3336181640625,2.342754364013672,60.7763671875,359.2034912109375,,,,,False,False,False,0,False,True,False,False,,,,,False,False,827.3360045572404,False,,,,AK-47,Rifle,25,OG-NaVi-BLAST2020,de_dust2
156,454373,42.625,01:13,76561198116523280,flamie,Natus Vincere,CT,-1638.5078125,2598.03125,3.781982421875,13.216552734375,340.081787109375,76561198013243326,Aleksib,OGEsports,T,-1289.1273193359375,2682.839599609375,130.03125,194.227294921875,25.4718017578125,,,,,False,False,False,0,False,True,False,False,,,,,False,False,381.0486356504147,True,Perfecto,Natus Vincere,7.656119812122048e+16,M4A4,Rifle,25,OG-NaVi-BLAST2020,de_dust2
157,454373,42.625,01:13,76561198114929872,valde,OGEsports,T,-1978.171142578125,1761.681396484375,32.110679626464844,63.0670166015625,1.9775390625,76561198116523276,flamie,Natus Vincere,CT,-1638.5078125,2598.03125,3.781982421875,13.216552734375,340.081787109375,76561198013243328,Aleksib,OGEsports,T,False,False,False,0,False,False,False,False,,,,,False,False,903.1360752182796,True,Aleksib,OGEsports,7.656119801324333e+16,Molotov,Grenade,25,OG-NaVi-BLAST2020,de_dust2
158,456139,4.1484375,00:36,76561198044045104,electronic,Natus Vincere,CT,-484.4183349609375,1847.642333984375,-123.55329895019531,337.4395751953125,356.033935546875,76561198016432560,mantuu,OGEsports,T,-279.8851318359375,1766.3297119140625,-102.7787857055664,148.194580078125,7.49267578125,,,,,False,False,False,0,False,True,False,False,,,,,False,False,221.0817814499269,False,,,,M4A4,Rifle,25,OG-NaVi-BLAST2020,de_dust2
159,458062,19.171875,00:21,76561198114929872,valde,OGEsports,T,-2025.9991455078125,1511.8072509765625,33.910797119140625,311.6656494140625,0.52734375,76561198034202275,s1mple,Natus Vincere,CT,-1631.444580078125,1056.943115234375,32.749603271484375,130.089111328125,1.7413330078125,,,,,False,False,False,0,False,True,False,False,,,,,False,False,602.1428696389657,False,,,,AK-47,Rifle,25,OG-NaVi-BLAST2020,de_dust2
160,458223,20.4296875,00:20,76561198114929872,valde,OGEsports,T,-2015.8289794921875,1507.713623046875,33.11158752441406,303.3050537109375,0.3955078125,76561198146207066,Boombl4,Natus Vincere,CT,-1882.1041259765625,1294.689453125,33.05095672607422,119.7125244140625,2.61474609375,,,,,False,False,False,0,False,True,False,False,,,,,False,False,251.51866152389755,False,,,,AK-47,Rifle,25,OG-NaVi-BLAST2020,de_dust2
161,458294,20.984375,00:20,76561198044045104,electronic,Natus Vincere,CT,-1753.57373046875,1118.690673828125,31.989418029785156,122.684326171875,1.4996337890625,76561198114929868,valde,OGEsports,T,-1997.0343017578125,1517.464111328125,31.747982025146484,295.2081298828125,0.8349609375,76561198146207072,Boombl4,Natus Vincere,CT,False,False,False,0,False,True,False,False,,,,,False,False,467.2187523198394,True,Boombl4,Natus Vincere,7.656119814620707e+16,M4A4,Rifle,25,OG-NaVi-BLAST2020,de_dust2
162,458546,22.953125,00:18,76561197960710576,NBK-,OGEsports,T,-1845.399169921875,2564.5693359375,33.790802001953125,263.638916015625,359.2254638671875,76561198044045107,electronic,Natus Vincere,CT,-1990.5888671875,1293.2086181640625,30.09888458251953,82.3699951171875,359.9066162109375,,,,,False,False,False,0,False,True,False,False,,,,,False,False,1279.6295374614115,True,valde,OGEsports,7.656119811492987e+16,AK-47,Rifle,25,OG-NaVi-BLAST2020,de_dust2
